{"cameraMode":{"drawMode":0,"name":"Shaded","section":"Shading Mode"},"sceneLighting":true,"audioPlay":false,"sceneViewState":{"m_AlwaysRefresh":false,"showFog":true,"showSkybox":true,"showFlares":true,"showImageEffects":true,"showParticleSystems":true,"showVisualEffectGraphs":true,"m_FxEnabled":true},"in2DMode":false,"pivot":{"x":25.737680435180665,"y":10.563310623168946,"z":18.793624877929689},"rotation":{"x":0.004019687417894602,"y":0.9647687077522278,"z":-0.2626597583293915,"w":0.014763053506612778},"size":3.8598873615264894,"orthographic":false}